ticker,height,atomical_id,utxo_count,utxo_amount,minted_times,minted_amount,max_mints
0,860000,74354f5abd480379ff5346c2258bb87510c75859f9623734792000d9ff9cef81i0,20,20000,21,21000,21
1,860000,221236662c30949b81433f0bc69fabf55b0a5a0bea3e76b01dbd8e7afbc99c4bi0,1,1000,1,1000,1
1234,860000,3364666533a8244244af9640463df83853f196cbe8f8f62b26fb069a5fcf179ai0,0,0,31,24800,500000
1ecash1dollar,860000,0000fdb201964da15d1cb4fd35b9b2d1f9e2771cbde12e94a9e565e97ca504ffi0,0,0,0,0,1000000
1ecash1usd,860000,00004d3e407834db6fb6a70b064ad4b7999f417c275bfb50fc677c6190f4a2a5i0,0,0,0,0,1000000
1sat1usd,860000,000082f349336d280333e28ec991874915678b6ed787e5ed9a4427a72c0b6846i0,0,0,0,0,1000000
1sats1dollar,860000,00009931670cd8a800bbd0179a5573a1c1075f9076a475b0cc465f4619940026i0,0,0,0,0,1000000
1tum,860000,00005877c72c40bf2f7be16d825a3656663ae4ec0852e403447d9bbb2d6f2d0di0,0,0,0,0,500000
2,860000,57799122cfded50a81835337b7b01d368be94677077a0fd8257ca6dc0a3a24cei0,1,1000,1,1000,1
2024,860000,4542ede59b8d821d4339430cd6c3d50d79366d2a012e58f1c1ba07295c20ea44i0,2,2024,1,0,0
235u,860000,23503bfd242b62fec87a914996a4f53a11eef8eb84cbd5f8127767e270c48057i0,1,546,1,546,1
3,860000,9135a933634304b26c5113d16af578f7579096305a60ae1dd09215803a32b54fi0,1,1000,1,1000,1
3body,860000,00001b54368365711e1db7aa1f17c7c603c125a37fde05023127e781ddae05cai0,3,360000,3,360000,420000
4,860000,00004ab7d92c11a135cb5833a7b0202dcc18b7bb56779970c8fdf86f0093b0eei0,1,1000,1,1000,21000
5,860000,00005ee190494f135ba3424abc587d0bfe42ad0a0c6c726aa2dbfb29e6963d99i0,31,31000,31,31000,21000
546,860000,8107947ce496504385d49d122327cc065a5be3e9ca828f2b2b30817346264b83i0,2,229320,2,229320,100000
6,860000,3950e1c98f816ce8c3dbcc76b0a86a3f5580ef00b0c030813c1d790f65192aaai0,1,1000,1,1000,1
7,860000,0000220ca477b1586f3aabe19d5066db7003a7a91464ba6df9bd4ada27a5d589i0,88,88746,114,114000,21000
8,860000,2101f9ae1a90cc52f51db85e688459129a9e7f49f2623a4bc613d0085e0dafddi0,1,1000,1,1000,1
808080,860000,f32bd85c932c9df1acded8af3df539b735a24c616f1284f1aaf807a1645b4431i0,11,11000,11,11000,21000
9,860000,00009e9a921b1176380ba02bd2aa1d6cce4131117362b6a64815ef2aa2e47be3i0,1,546,1,546,1
96110,860000,0000a66b77f96854bba0ee2b2571dbe6e420a735297ce23f850631c7b8b86bf3i0,0,0,0,0,21000
999999999999999999btc,860000,00002eef59eacb3ab23249256d0a055683c9860df90f765e9a75fe5aa8ae6116i0,1,1000,1,1000,21000
a,860000,66466d0207d9f50b5782678282e08cffb8e315e95da8d91b3d46f290b440a8bdi0,19012,20922468,21000,21000000,21000
a16z,860000,33933486f1ec31be584c8438f7a4d586a3129f862e01d83db3a71f6b392ca6a2i0,3,4914,3,4914,10000
aa,860000,6909938815b923d4477923f76ada31754917b5f28fecd4e5c114c37edf881231i0,9,9000,15,15000,42000
aaa,860000,34310bcf0c1f6b772d084b1ddfea88e4a26d982a88d791e34f5589038ac28be0i0,0,0,0,0,84000
aaaa,860000,5571d14a696410838c97cc6eb408797f14af99c604869e04632d398157a888c5i0,4,8000,4,8000,84000
aaron,860000,20191b7bfa77185fed2a959b8fb8329eaad7f1018ad6f05990a039e05a668b01i0,1,20000,1,20000,1
ab03,860000,0670ef64e0a2f62c84ada839923a308b86228ee92f9d6b95193dddccacd329dei0,1,1000,1,1000,21000
ab20,860000,72847a492b19d112a6b8a5368a6aba94a1389ae2941d741d8077a74b43ab34e1i0,1,1000000,1,0,0
abc,860000,6187f1615a389389a992e83d4a93d38f3e03be4fb45ddf236f943d550131fd84i0,0,0,0,0,10000
abc1,860000,278899543267476dc1feb042b44066e6252974b161cc1be855af2f638d45f54fi0,0,0,0,0,500000
abtc,860000,8888722295d5b9d38efbc262e8ac9a21356257ee49d23037eba6279c16b58c8bi0,361,370500,385,385000,21000
ad,860000,0000a0ab4bf464997a24ee52500e93c3be4b4d828ef67d3421bdb4985deebc67i0,0,0,0,0,21000
ada,860000,00003c16c43d1409b9671eb178c231906a21bc538c9401a1219bad3fa21b2431i0,1,1000,1,1000,1
admin,860000,000098e6998cb59b44e592cb84a46461af63ba59bc8b86fbd719a0670aed374ei0,0,0,0,0,21000
afom,860000,2a498bdc322fbd0b4d3d78b17b2b0276e01442b84c7c52e1363e8b4af226a061i0,3,3000,3,3000,21000
ai,860000,41203f4f1d97b5cda12acef1335afa019b23338229b78de088e9686bb212cd77i0,997,1053448,1061,1061000,9996
akiu,860000,2012668ce0f2d4d0d65ac8bc7f1e880ba3926352d00598a44f38c17a00f4fde2i0,0,0,0,0,21000
anion,860000,00005bee01f139c9c83e1943c6aff9009c4180ec324faeee9f96811daa888acbi0,101,990000,99,990000,99
antiquark,860000,00007a9c162e13fd278abdcf4f33af94df282eda048751dcf3eb4fae3aa853f7i0,25,25000,25,25000,2100
apple,860000,aaaa755c19bce32e643c7823eb49a9f621ac8773a2adf02ecd173859018e9c68i0,1,546,1,546,100000
arc,860000,0000dfbeb6bf0a0584969b04224607890ebf1dc167738c51fec61b89f01730eai0,673,688000,693,693000,21000
arc20,860000,3609cbd2aca1d05bee679084f937e6b35f66dfe3773142e9edaf280ac7751db1i0,52,981146,65,1300000,100000
archon,860000,aaaac8b86b0591639240b8f4f2e48eb28d238b636bb6e756918f218efccae779i0,0,0,0,0,19983
arcoin,860000,9280847d6896c7ea5eef251b5064f724c3a338782b332908a5dcdcb55bdc24bai0,3,49140,3,49140,3000
arcoo,860000,2823c9eb90b6eae7140ed5f38cf978249c1dd617149cf2e24f3765e10914ad15i0,6,98280,6,98280,5000
arcs,860000,9406ccceba2ef261f113fa14bfe156ec2b1d36d572f183e288ab4f4fb3e6cb8bi0,0,0,0,0,21000
arcswap,860000,a091bc3620572d82a7b16bc3adaa10694f842af1282f0f2807845a7a9a6e3407i0,608,626063,649,649000,21000
arcx,860000,983134562b186296060299fea8ac9799d6f1adef7dc81707a6cbd2241439a455i0,0,0,0,0,21000
aries,860000,00009b434703be9204e25fba8d2ec8d72ccd03f28d4bb32b657f62062a75354ci0,296,988796,261,1044000,5250
arthur,860000,00003b7c30130cbd826df533e2c8105753547f8182250c622610211722849fa3i0,0,0,0,0,1000
asigna777,860000,82788cdf08ca226221fc2e32377d2a1dd00395cc2e0826691f2ef4bfc4e2ca9di0,1,601,1,0,0
asignatest,860000,19884f0825fb816cddeebac1b361c849277b24a5ca670d302a55478ad8f55cafi0,3,2000,1,0,0
astroboy,860000,a20b8d9b61912123bab44f437c8f80fa190e852b5cf0519db1a5a22c2401815ci0,1,10000000,1,10000000,1
asut,860000,8a7165e953bc0c044afe839413b6ed766dfcad7940116f158c513c3a4f3b250ci0,0,0,0,0,21000
at0m,860000,000077371d7ca35ae4349dcef843ee91625406ca4844299a9dec80148f77ac39i0,0,0,0,0,21000
atm,860000,9ba6b2828464aaa14d3ce7054d028f8b7a4f83a09acf669ad531e17ffcc5e352i0,7,7000,7,7000,21000
atmo,860000,39b7b4deb1b3e2dcbb886767907f3a0ef25e743da95cec6bd6f10e3490f00003i0,59,61000,76,76000,21000
atom,860000,56a8702bab3d2405eb9a356fd0725ca112a93a8efd1ecca06c6085e7278f0341i0,12899,19330214,21000,21000000,21000
atom2,860000,136379859fdba9c8b4833ecbc29c3ae53e22590bf2b0460d5c806a3512302b70i0,1,1840,1,1000000,21
atom20,860000,58655d0bfc9b2edebadc95c7656ad90e4bd7f6a35c0987964d1c40cdf3c87e17i0,3,3000,3,3000,21000
atom2024,860000,1122e917ebb93fbd0ecb4a54f30cd3fcef0f43d315899d99507515812ea1c0bai0,0,0,0,0,1
atomarc,860000,00009dfe8865d9190f06f32c79ac29ee879e3546c30c6b731ee2ca6bcbf8daaci0,0,0,1,546,1
atomavm,860000,0000c9b2b9d9953795e5fbe54fdc462ec8f6d41484395e565d0f8f04724440b3i0,0,0,0,0,21000
atombomb,860000,05fffb34e3907304757ce8290129e96d81ba61dda65aff85f1d133eaee171531i0,0,0,0,0,194586
atombtc,860000,1200d535ed19e97345c2db6b264b16c42105c5ea9b0d245d2e49117dbe81dd01i0,232,232000,233,233000,21000
atomfi,860000,892331ef0d758e56e3f4f3dbd143e2e37626c38eeefb7fd816c19da40a826908i0,1,9998,1,9998,100000
atomi,860000,232487243cfc821de50533c55f4cb4969350771adcd87822e5388a24bcd3bf32i0,14684,20697573,21000,21000000,21000
atomic,860000,0000a7f9a95a3967388088868e4c531bd16997eb07e20bb4e3b3af9a2375335ai0,0,0,0,0,1
atomical,860000,0000d816b114585b45bf29e2ed0c2fa3c846f01f6ae44ee985d78f2f4acfb18di0,16939,20906438,21000,21000000,21000
atomicals,860000,54799a35caf574c08d44216c354ef16344f9c5f6c8cf6e349468d90549c9ed5fi0,11800,20310715,21000,21000000,21000
atomics,860000,000023089f56ae8d2e479f91b4296804fe83fc034c653a22ee989eda92716d0ci0,0,0,0,0,3
atommap,860000,2993cf6622a408ef39f59c58ceeb4f4509d3f49a36adb8db01dfbf366451543ai0,12,119988,14,139986,99999
atomp,860000,4841265dc0be6101592ea2ea04a1017e84fa8c5f2709bc329e5f0c6889b8acbei0,102,112000,117,117000,21000
atoms,860000,6188a9840691e90b49d6e9a1c927c6a83ac282817a8b639ea0db17817307dea4i0,15579,20869808,21000,21000000,21000
atomx,860000,0000e9420688bbc6e4e19f3e21ae6f33bf29a98fb1032ee56d4fb43bc44f2bdbi0,6,9000,9,9000,21000
atomxyz,860000,000053196db7ba1b26e92bec3a876fd62242681856feb4e8551d2ecd8f5c8a6di0,1,600,1,600,21000
aton,860000,2c93399100371819ee0258116c536070e029ca130229b6413e4ac1e74734e0d9i0,82,85000,86,86000,21000
au,860000,7979111ae20f9ec5abfb086d088a77414212cdc371157f66803fb8da5a6921a6i0,0,0,0,0,19696
avax,860000,0000e241518a3a242f19f350fbf2a3c8f25c9390ba93c089d73330703989d662i0,1,1000,1,1000,1
avm,860000,d4c48c4db504282e987776cba26f78fbc1573460a02c45d9e5de37c5b13ef751i0,11114,20003638,21000,21000000,21000
axion,860000,0000bf7e1126ebb3b90076e2d49b4c978fde8d35f617b552f8aef0a07a9e76f2i0,30,30000,31,31000,21000
b,860000,3509baa110c7ecaa8105dc5188cd9d0dcb68500560b080eef0e264c5405f780bi0,19,19000,21,21000,21
bch,860000,0000073b34b25819b38366f74ae73db3b67abc39af27cd919c8ef4bc427b53d1i0,1,1000,1,1000,1
beng,860000,801168229af434d496e5bc19c884ba930c9f64c398370fbeb841a5dedf8e1e9ai0,2,2000,2,2000,21000
binance,860000,000008440f31642485c701c8b70f587ec0956ddabe596264dc0e97b573e576bci0,1,1000,1,1000,1
bitatom,860000,5345a76aa4c4580f5fa7821a43c228daa5c349deae742564b43714161558b0c2i0,5,50000,5,50000,21000
bitcash,860000,0000ec94018f4ad4d6c6fb7b9b7fa1dabbf90ec91de22eb3daecb76ced40c719i0,0,0,0,0,1000000
bitcoin,860000,531802b8de05f125e006799d0d478e5786277ec73d6c8fae3d7bbd654bcbd8fai0,62,620000,62,620000,21000
bitcoincolored,860000,21235ed0385e64364abea410c38d05d3fde4e258451c255ac424669ef561a06bi0,0,0,0,0,100000
bitcoincolorful,860000,6143db8b20367fdd97074c0f0483e3cca8aeef0ef3161790955d006f94f5bd18i0,0,0,0,0,1000000
bitcoincoloring,860000,4899ff5c1eda92350b7d2920d156d22e916b91492271541471af1fd7ec478113i0,0,0,0,0,1000000
bitcoincoloured,860000,23595cf86b7273634ee6519bde8f9792c9ee4f7b0ca0e528615130112b0d78dai0,0,0,0,0,100000
bitcoincolourful,860000,136263cabae3d7e7ea626503906ec080a42d4d81411e9e91d099908c733c306fi0,0,0,0,0,1000000
bitcoincolouring,860000,8545d51ea0706b23051a8eb4ecb96fb501025ea041a694032e80344bf71ecc6fi0,0,0,0,0,1000000
bitcoinfi,860000,00008b6a54a8a34b40ff910ba0a27a6cb8c849410872bd38881c300f9ef0f87ci0,0,0,0,0,100000
bitcopper,860000,0000fbd1cbe72ca217a09ed7e602d624c24e38a0c6ca53af9b82c9559faf4901i0,0,0,0,0,1000000
bitdollar,860000,0000c37800a90ce73b75847267e5ec4b9668010860a9f8cd1a58c11fd8352c24i0,0,0,0,0,1000000
bitman,860000,00009e7ea0268b6b04415ac02843be1bb136ec8543b76e6c62081b65234a39f0i0,3,630000,3,630000,210000
bitmoney,860000,0000277577fef420fe43f404f9261d5dd245071b244490a74f5c77b712330169i0,0,0,0,0,1000000
bitnew,860000,0000744ba76666b672ecd466cf0efb3a52a28d005da781ca38dc948b18c37198i0,1,210000,1,210000,1
bitpay,860000,0000c46be4128f205d6ab68ac59fa1f09ac8f856cd14a1e325fd57891e66ab47i0,0,0,0,0,1000000
bitsilver,860000,0000520a061b0a24cac5ed562ec53eb740d7ee4b4a16be1458f562950831e225i0,0,0,0,0,1000000
bitvm,860000,8abe2424874b5c7a53b3e325c90230fc5f9d821d909ff38dcc98bbb13b8e62c2i0,13158,19632500,21000,21000000,21000
bitwork,860000,77777ed2e22644a34e164a00d5114cad4b60870e38588188ad65dd5c8fdb8a62i0,1527,1966360,2108,2108000,2108
blast,860000,37261fd60fe6aa11a9432f7533a324256abb5390d317f0f9680db729b7a874f0i0,5,5000,5,5000,15000
block,860000,0000c4810be3b6cb78348df064951d6cec50296527624dd9f78fbd2a34542774i0,10,210000,10,210000,10
bmoney,860000,000072ff76a9e5624f3c610913b80473add90c23ea2800a07a5939e9bc37af81i0,0,0,0,0,1000000
bnb,860000,0000d7bd271e1a73c6d9ae21de339b0c460e5b77f3cb439b848bd6177c2e3caci0,15,300000,15,300000,20000
bobo,860000,6038643726dc35bd1606778a5d7de7bf7dbf70194afb2ce86c6be07e7b0e1564i0,0,0,0,0,1000
bomb,860000,19456dbdfbabf6efbf347fd89939310428a8df5816fcc03cc78b8544f8d442a4i0,100,1010000,101,1010000,210000
bonk,860000,0000baa72040ceafccbe876536b8069b50262225f3d383d45431911b22e34ac0i0,0,0,0,0,100000
bornmade,860000,0000b4f5508c73a79839568ecd5e15c8015cc3b002bf43fba2575e0f717a909di0,0,0,0,0,10000
boson,860000,673688bac7641112083fdda352c784c39a2aa29b3be25a0dd4458ddbb2edb58bi0,1,210000,1,210000,1
bt,860000,0000bf2fd440660606abd5b48e3443b37339a0eda755ce787176429e6ab12cf3i0,0,0,0,0,1000000
btc,860000,7296411f89e8e6171966a0b9d11e3fe12e86fdc3b0515b1f7bbb1c29d65f29adi0,15337,20304692,21000,21000000,21000
btcash,860000,0000527325e2b136bc107b81c07715e98c1062bf827e07ced0c58232ee589e22i0,0,0,0,0,1000000
btcat,860000,5650cc68a14b7cd647d5728b6f4c3f70f0f633b9f2daff06d3f5e052370acc43i0,2,16380,1,16380,5000
btccolored,860000,593798796d12174732060d874e6cfee04f963537f297bd7439bc8bd4d69922c3i0,0,0,0,0,100000
btccolorful,860000,4206977fe142a163559c8ec0ccebbe5ca25cb2a0c6eea42fb43e6a647d8a96f3i0,0,0,0,0,1000000
btccoloring,860000,66615df0a9b75b6fb2629e442652f6b984c56551eab4e9114c8c2279b995a4e0i0,0,0,0,0,1000000
btccoloured,860000,7754697064dba6508c4b18762d198761b4f74004abb85af3d16b10722d1d4cfai0,0,0,0,0,100000
btccolourful,860000,4053b33e123666f40c4ab9126a43622ef9ead6e3470685006bf3bb8d98561cfai0,0,0,0,0,1000000
btccolouring,860000,7304cf1810859c7e4b73e45a9861c2f711d080946e8de51fef25ac04f7017666i0,0,0,0,0,100000
btcd,860000,000082bb15354d4b9aad6b34d21f171e1fa8890f3a9fdb49af66bc5d513a7d9di0,261,245976,280,248640,888
btcfi,860000,000069ca523e37e6c3d4bfeca10ca692d45676bd081917f64f3f8f19730f2840i0,0,0,0,0,1000000
btcopper,860000,000003423de3da3447ee22e73b81904afacb43c02764161af74cc654ad9a031ci0,0,0,0,0,1000000
btcs,860000,51184faf1a7a162db05a7311f92580748cc340521899d73cb779fa812b1d6848i0,861,873554,936,936000,21000
btcsoul,860000,000062cc9afabc1ec3ca18d6b2319ced841b3ec9f7dfebfa2b9782ab5e569b86i0,0,0,0,0,21000
btdollar,860000,000003a4ebb5f100c4f58e37a66b76806c33bf74abd6f51eb6de072948a670dei0,0,0,0,0,1000000
btgold,860000,0000bab04511a27c41f97551670c876c8ca83f4e63dfe8f78bd88b2ba5dedb31i0,0,0,0,0,1000000
btmoney,860000,0000fb34ff869fb9388eadb18d8da35f65c79f2f658f1a0110e91f970e45c99ei0,0,0,0,0,1000000
btpay,860000,0000f282ddc71e63fe07d484fe55454e918e9671ab20b50c8ffb6b670e77b7e8i0,0,0,0,0,1000000
btsilver,860000,0000cb63396a3c6a15669e5a7646fffa4f7e018d671bd45fa56b4b3a8b86582ci0,0,0,0,0,1000000
btusd,860000,00009fa10483e5a341bbeb5775647833054335e21fa4bc14d293816417cf72a2i0,0,0,0,0,1000000
build,860000,1618dcd3b03bd06e77540f76b597a93134b226838827605c6a1dc1140e4c08a5i0,21,21000,21,21000,21000
c,860000,0000c30ac945761d6f4cc1ea57e746677d54ebd37d9e90af49d444721da0fe71i0,3,3000,3,3000,21000
c0,860000,c0c08b8d33c6e46ce42eb5e15361860abb04dab1583d78e3a4c4bb7bed1dc08ei0,0,0,0,0,19000
carbon,860000,3083adcccb7a5aa68a08e897734f98f51dd76a86f8876d4a03a18ca4add3ae97i0,75,1600000,90,1800000,500000
cation,860000,0000c47118db4d71acde9f3433111647d65370bc6706fc4573f2b556877a0851i0,21,66660,20,66660,2222
cats,860000,6666d013bfc969e8f69ad0c9fe15923914484a571c840299ebb347cb3098a38ci0,73,7335000,464,9280000,500000
cell,860000,ce11571138ebad278dd50fe4c0db1dba30b30490a37eee5476358dc544865ccdi0,1,1111111,1,1111111,1
chernobyl,860000,0000e70f3453b843ec90a42095146acb91b350267c930220275822670c07c4a3i0,12,147171,10,200000,10
china,860000,0000582854b6c9c651f8c441e55a08ee235f6612b75756cadde61a9599bad083i0,0,0,0,0,10000
chip,860000,52a35ec714ea016cd81f7d1b11244ce92008eb7ca55c5839225f26dd0b9c32e0i0,3,3000,6,6000,21000
clmg,860000,3250234587892a01a5388d9c25747b7b6730f7c3aebd6dc1a394ea40f7f557f7i0,2,2000,1,2000,500000
coin,860000,3d2a63f1b35716431c30dd2803afc67273b6fc0211d9baf38e323c25a800e711i0,118,122000,126,126000,21000
coinbase,860000,0000ee0c16d323b32bcf592543e3f3a1e411704c14973d66192f78bc1bc534dci0,1,30000,1,0,0
color,860000,0000c5e5284edf5726438332ac17a9b826b75713667e9c29ac13c5a505c8ca91i0,0,0,0,0,10000
colorbitcoin,860000,00007fff20d69c4cc63ca5b891954d2cf93bad077b2a70415a1ef01c306ce133i0,0,0,0,0,100000
colorbtc,860000,0000c74e455eb73d27d1813d437bb4aca6e110f5a654c68bdad075db18273af0i0,0,0,0,0,100000
colorcoin,860000,0000ede44c993d46307bdc7b1538abaf1ec1179f1e2de80524f2ce484f9484a8i0,0,0,0,0,100000
colorcoins,860000,00008afd079ec11e8667b7dc6dcdb0158b066bc6d26a33e95445dff10cc3d665i0,0,0,0,0,100000
colored,860000,0000d9903f077387b8504ea15cbc75282ce69ee78e1f172c585023316f5c2cb6i0,0,0,0,0,10000
coloredbitcoin,860000,00002cf05244e8c97f4bdee853ab3fc931a7ca61b79fd02e56507f90327245b7i0,15097,20913623,21000,21000000,21000
coloredbitcoins,860000,0000ea05ab5ad6fd1591133e1b078f03f78a9fd44538f3e17205a5cfa0b1e27fi0,0,0,0,0,100000
coloredbtc,860000,00007eed36a9e98f415f4a93944aca2d734ee137c948abeef57c20337355fae7i0,0,0,0,0,10000
coloredcoin,860000,0000ee30e140bed11faec2fff92b8a46ce63399f5ec10634c307496f844e0d3ci0,0,0,0,0,10000
coloredcoins,860000,0000e738cba15b291f40a67526444720bc90d79b57e87e6d712592007b1e8f5bi0,0,0,0,0,10000
coloredsat,860000,00000a29979e58a12f02319a35a92a99b074590ed861b8dc90fdeb1fd729ccafi0,0,0,0,0,10000
coloredsatoshi,860000,0000bb7ed08d183a0a50b5d76959d06be9f6f425a82c3f8c2de151fc088b440bi0,0,0,0,0,10000
coloredsatoshis,860000,0000ce770b1738f1b6b4ae2b4bafef6730c8c58dd8507022341266ef441e4fb4i0,0,0,0,0,100000
coloredsats,860000,0000a86af64d10a2017da8d6fa8c960bc273242acd219680a64be73e7afbfb35i0,0,0,0,0,1000
coloredtoken,860000,0000921012a7a032f6e4a084a8abd0313e45cd575d163a4506b2bb64a7a2a0dfi0,0,0,0,0,100000
coloredtokens,860000,000081a0ba8cd88470d9e0fc84e5afcab767153aa9d3a6b3c7d7b699e33ffa3fi0,0,0,0,0,100000
colorful,860000,629230fca7d53042280eca159dda65edde4f5907490dd029a64c9ad4faaff910i0,0,0,0,0,1000000
colorfulbitcoin,860000,000086de5b64d6b07823d833dd35aa115a4fdb0f2345cc007b48d9fdb6d16f6ai0,0,0,0,0,100000
colorfulbtc,860000,00004c9e435307d2e0502d1b172313b6dde17fbc55166ecacf49fbd83136d04bi0,0,0,0,0,100000
colorfulcoin,860000,00008b8fa9fb328681f9a2972900474127035b83884ee4031ad5546d685db599i0,0,0,0,0,100000
colorfulcoins,860000,0000cf0accec6d57bdf992eacc06bb3c838e4b11dc7ea95e4465948dd548e754i0,0,0,0,0,100000
colorfulsat,860000,0000ff79a4715b70d379d49f5052beb67106bd382e1be9a95078f196f4296e80i0,0,0,0,0,100000
colorfulsatoshi,860000,000086c8f66910941ed2af5f4d1931e7c7b06e2d57069eb03ae0d7fe1873fc9di0,0,0,0,0,100000
colorfulsatoshis,860000,0000ad305c6b2c4b6875046d165041ca94892bc478d33369862e0e43e76ed681i0,0,0,0,0,100000
colorfulsats,860000,000067303762568058a4663b281d534733827232f7904aa1dd2257798fb8af8ci0,0,0,0,0,100000
colorfultoken,860000,000044f7a28a537605318bdcf6bc2eb8f00f9ca5d98f48d3cd5fbdcdafd71cdai0,0,0,0,0,100000
colorfultokens,860000,0000f7eb9239281dc27f3a04e9039fbac160087a5a905a947e19ca9548d0ef57i0,0,0,0,0,100000
coloring,860000,0000fbecc3e2d1d3b9e0c6df3e00dde856adb10513d9c76bd90e2117594c9f7fi0,0,0,0,0,100000
coloringbitcoin,860000,0000ea87ae0ae4d9047a7540d7027ffceeea0b442624a0153ea250a24ad7fac3i0,0,0,0,0,100000
coloringbitcoins,860000,0000fc2bf390f526cee5fc46dc39e47473ea5f867e2849f75ad06a6797fdfff5i0,0,0,0,0,100000
coloringbtc,860000,0000f2844d91439dbdb65d2d89087464af8c710849ada3ff06d64ca83ae736edi0,0,0,0,0,100000
coloringcoin,860000,000096889e0e4542382f90ce7cfa26437b02c9494eda4e0a6153b6014dc86bd2i0,0,0,0,0,100000
coloringcoins,860000,00009a9fd106444d64cd438681ddeb3891a005c5b300c9d74b9e0e1211895ffdi0,0,0,0,0,100000
coloringsat,860000,0000371b2fa6957c7f1961cae7c794864e3296b718c42eaee20f76c39e7fb6c5i0,0,0,0,0,100000
coloringsatoshi,860000,000077c256fa7a6eb009651020c53e56c111ba1264796149b02e37c01687e6efi0,0,0,0,0,100000
coloringsatoshis,860000,00002f1082279ed9c07ec4f1938c4b0acd949031a81cc6f78d67c600a1f4bd8ei0,0,0,0,0,100000
coloringsats,860000,0000aa20465aa920d0104554e6b045c38eb0b1b1dbfcddd1b54093dd34960152i0,0,0,0,0,100000
coloringtoken,860000,0000e7fbfad613758c5d875177ba9de521449c83781b7fda4718df64f382b38fi0,0,0,0,0,100000
coloringtokens,860000,0000d404ecec4631fdddded7771bb37090ec6b8bbb017b66e2474b7bc1eae1a9i0,0,0,0,0,100000
colorsat,860000,00006f19616221d8936ef3459336ce3daeecfcdc901b9f88e4439545d7561108i0,0,0,0,0,100000
colorsatoshi,860000,00002dea5ab68abd7114066ae3e185e22142a3d87c351ec779ddacd27c6f09a7i0,0,0,0,0,100000
colorsatoshis,860000,000003be8fa489e18568f40c56f206de21888b3f178eb5b67c215eff8b25d0e4i0,0,0,0,0,100000
colorsats,860000,0000212a9264e11bde1ce51267cccf60e4daf41add453ccb463b4dd8879a317ai0,0,0,0,0,100000
colortoken,860000,00004c13a8e09573a488b09e1e5b97838d9c0f743e7d3f8617b6fac07a8defbei0,0,0,0,0,100000
colortokens,860000,00007893cd941b89d04a13de63288fdf5bb7a7252350a662b04d934b15f98836i0,0,0,0,0,100000
colour,860000,0000693a6670e905987a464bb6a7246fd93a8f2129b73b65803be7a925ab7ea9i0,0,0,0,0,100000
colourbitcoin,860000,000084ee8e3f33d43dc27279fc129152f4a3a6d8f34d76b0cce8b731ea218454i0,0,0,0,0,100000
colourbtc,860000,0000c6eb5cef81ead74e8c905c5908b76125ec52dc007f6d6c26699ae995d5b4i0,0,0,0,0,100000
colourcoin,860000,0000280e739a893b5fb2fde9c14b2aa5244c867c16dcec65eb596b0170970c8ei0,0,0,0,0,100000
colourcoins,860000,0000e1c6b17290d18f0d2121c6b24598701e1c911c2bc2c47d5e0bc73a09303bi0,0,0,0,0,100000
coloured,860000,000079a4bb7496757d9445d7ab476a8f0a23726a51c623db7f806ecc7800d943i0,0,0,0,0,100000
colouredbitcoin,860000,000038fe9905054742eb45016d6db699c2d41462dc237f64bdbb14ece0cbf24fi0,0,0,0,0,100000
colouredbtc,860000,000091c486e1fd926b9a0fcfdd5cec657aa460ec1628b1f8bfae53570fce0ea9i0,0,0,0,0,100000
colouredcoin,860000,0000a498465ead981d9829a4bcf737a0f620a16bb5ceab52fee19c59ce9e16f0i0,0,0,0,0,100000
colouredcoins,860000,0000d955b4525274278c03c2c1bc1f8ffcf772e9866222ff7fe0c803b4eb39b1i0,0,0,0,0,100000
colouredsat,860000,0000fd69a0605b2a3d6ba257b6fe4b8d69a2d6d264bb7e0aed08d42c785f1f5ai0,0,0,0,0,100000
colouredsatoshi,860000,0000ee2863cc693c085cbdfd2d6b133a914a6701e0449676881064d88f330459i0,0,0,0,0,100000
colouredsatoshis,860000,0000e40109a8cadb642846e975ba4482388f015d5eb87dfd82fa24faa42a1fc2i0,0,0,0,0,100000
colouredsats,860000,0000478e250fc7ddf72d670120ec5f2219c03317a72a0b44a72185165451c703i0,0,0,0,0,100000
colouredtoken,860000,0000e1dd99734fdaafe276de4f8a71c1da104b7afa64658a27edc5c6695e4c98i0,0,0,0,0,100000
colouredtokens,860000,0000ce1f0f1b381f2ed33aede3317014335c049126cfd491ad80985645565f6fi0,0,0,0,0,100000
colourful,860000,441884774b770e306488c0410c22502e75b8d053a9ebea99af892d442c5173e9i0,0,0,0,0,1000000
colourfulbitcoin,860000,0000dc6f3ad7f9ad7340aa0f2842673d3bff976db5a68e41773bd484ca7e34afi0,0,0,0,0,100000
colourfulbtc,860000,00009bfcc95ab184d84fda6736ac6df2485142e3b3774750199cea8911244465i0,0,0,0,0,100000
colourfulcoin,860000,0000e1c00917dd638d4547e840f9e61919c92d39812dd0d0e9a3ce467edab775i0,0,0,0,0,100000
colourfulcoins,860000,00003fcd149a70def313d67face9287d7cc3593e8e7bddc4a2c4418fd2864ebai0,0,0,0,0,100000
colourfulsat,860000,00007dc973c89b059e10adb12f0b0d96fb345344ad54e4cbb4a9c81ca8d2a91ci0,0,0,0,0,100000
colourfulsatoshi,860000,000040f3a8724c6ed01a8f8e570d314378ad5e355a586acde945516b26e9183ai0,0,0,0,0,100000
colourfulsatoshis,860000,000029a71c3bd7a418dbfd0001c152a6e5bbabd7b9b7a575cdd5023f3c53fdcbi0,0,0,0,0,100000
colourfulsats,860000,00006192e79b335e854e69423e05e6293a506d8b9b6bcc43bdc133b4cba59851i0,0,0,0,0,100000
colourfultoken,860000,0000647f8b7de60db56771a78e5da4416318dd99cab3120770191eedabccc383i0,0,0,0,0,100000
colourfultokens,860000,00004bc5e49395a649c4cb9b6132a81675b6f51398d6ac386e5bf00bd9d8791ei0,0,0,0,0,100000
colouring,860000,0000c3fd4c26df2c6de9ed48a43905d9298408669257a15f682aef6a32b4798bi0,0,0,0,0,100000
colouringbitcoin,860000,0000e552611750bec6f1acf54047c60a06c54bcc95549a93954759a217c2184ai0,0,0,0,0,100000
colouringbtc,860000,0000898873e9522dec864f66285203eeb7e24b44234b2e09bd468fb67216e5d5i0,0,0,0,0,100000
colouringcoin,860000,0000618b0a2b702da4bec74a54912074ea03c14b63a7c070245e4231327f80c0i0,0,0,0,0,100000
colouringcoins,860000,0000f8bed14571f7b206ffb86318f15c80197ad91fc7952beba1021b1d512ec2i0,0,0,0,0,100000
colouringsat,860000,00009363959fd1b8cfa8f926a0a99338feced0f15bbb32b85a4f847edc954d7ei0,0,0,0,0,100000
colouringsatoshi,860000,00004264526c0275364bcfbc020959e9e10990d8c58f2960fee29af6467d03bei0,0,0,0,0,100000
colouringsatoshis,860000,00009457c0232de6f8ae76db157696eccad1b5ef68c91995cf4fef1af6545c8ai0,0,0,0,0,100000
colouringsats,860000,0000903d3fad436241d0e50a487b957e28a6340de3240e2ecb5c2b7ad15b8808i0,0,0,0,0,100000
colouringtoken,860000,0000ac13ca9358cb75776e27ca444a6fa2219be013d72073ea5f108a8a572fd5i0,0,0,0,0,100000
colouringtokens,860000,0000423c0652143c88cb65110f69935366e899f066a97bc1102b98f1902c99c2i0,0,0,0,0,100000
coloursat,860000,00007fb1b656ca55fc0d16e6680194bc071b06bc95f88b9a4c70fb27efbdc126i0,0,0,0,0,100000
coloursatoshi,860000,0000ee3ed22ab23b1ef6e809970e2edfcf9b6410232460965f558678c0c0f95fi0,0,0,0,0,100000
coloursatoshis,860000,000064ffbc942c9589487f2d50dc78c7f35ee2f0fe99dcc1670c266e432e9762i0,0,0,0,0,100000
coloursats,860000,0000e1ac7360196e77b9abc1c1672dfbdeb142754c0266d5a50f2f1c76234dd6i0,0,0,0,0,100000
colourtoken,860000,00004bc55e4b1bd7e662b48ceab2c6d9309143149e42de16bea4d7f80d887d43i0,0,0,0,0,100000
colourtokens,860000,00002932cc863214eee304486b842894d0c46f743c8449ad68d1d3b8fce0f0e2i0,0,0,0,0,100000
copperbit,860000,00005dc3096c9d8a3d8bbf2b07829c7c0aaccb0aa592d7d11505c71caa7c736ci0,0,0,0,0,1000000
coppercoins,860000,0000630de6f7e9a5ab22fdf321d7d508fa648ace3599b3a36fc86fdf6a0fbc6di0,0,0,0,0,1000000
core,860000,361955a8efe9ea86f902e3563f3459ee7f778691850150bd960fe38fe14378e7i0,189,193000,193,193000,10000
cra,860000,0000f77b87db0ece568b7aabb5e00a0581b0448143c228b788eeeb47f85ab8efi0,0,0,0,0,1
crazyfrog,860000,5421ab917491ef40bcebd019ecd5440976baabcd0750a61928e1ec1f894aae13i0,0,0,0,0,2100000
cryptocar,860000,2607a938d07b5bc3b6df9a0ee0cc315a8fda91a68fd34d697b2896ef051b3a2fi0,10,109200,10,109200,10000
cz,860000,0000fd52dda7fe8d1bd9b9b5a8bed4119fde0133b39ca8684a4baa5ec0427db6i0,24,33763,18,35586,91000
d,860000,0000bfa248d330b19e6a58b7a634711d7886a77cb190ee05911c345d0ea08a83i0,1,210000,1,210000,210000
d10s,860000,000066f93ef8ce7f4f47370a6325f034c59931e91780914e0291f44c07ba505di0,234,230000,231,231000,10000
da,860000,dddd8dadf9c2555efcc7a6dd744e045f093494c99e977e88ad3a8f9a345f2c26i0,0,0,0,0,19983
dachscoin,860000,1823743397a38db2aa0f2f9cdd4ee5bba9d783203a58fead37dc5f9353919743i0,0,0,0,0,10000
dao,860000,da0142f3fd4419d469753ad4a6f9c51fb78b5f5133d4d06a70798435a6acbd4di0,0,0,0,0,100000
dark,860000,31624df1c90ae3958a69ae73d493b09582863cc4482d8a3fe29082b7b41ce2eai0,0,0,0,0,200000
darkmatter,860000,789956be362ae6449d548b5f446706435e43a9faebb2ec1e709633525771e41di0,55,550000,55,550000,21000
defi,860000,0000a3b9ac244cb2333d131004decb1d8ca314f079d973598b4c3894e7c218d0i0,0,0,0,0,21000
deploy,860000,6980a8c842dfc43d31909a4996346325177426b26af08c01d67c2ff1890ebb94i0,4,4000,4,4000,21000
desat,860000,2635f8938d5c624698a93e93518ba775e4de4c62921d5687e05f9580ea2be3ffi0,1501,15061946,1560,15600000,210000
dimensaur,860000,99997ab137d4ab245d829f3e2aac411516d3bf2cfa3288670d3ff0c1267d5f74i0,0,0,0,0,100000
dm1nt,860000,afe1d3b5235a8db8a76cdc2b30c43814948fcfca2ba923eca7e0ae5af17199b1i0,0,0,1,1000,21000
dmint,860000,9b90da6b5d209e8ea0ac6503966dbc48ac0c5a555fede28624ad86f0322f785di0,11451,19636800,21000,21000000,21000
dna,860000,11116a746b32240da18f23f57414691a1b689641e6dcb7bf8791fccf66b5c489i0,2,11098774,1,11111111,1
dnimt,860000,b36eb2cba9fbfa4c611dd9fd0864bfedbc36272b059cb08df36ac2aaa834b895i0,7,9000,17,17000,21000
dog,860000,0000b27bb607a3b07d3bc2984112c8576122a9c7dbd0caa5839e476f5a55b84ci0,1,1000,1,1000,1
doge,860000,00009b954c9f1358de9c089f95ec420132e4106a89c8fbb3cfda198ae1e5f9d5i0,7415,7949321,8317,8317000,21000
dollar,860000,0000e1d11cec8b1c1db376de636446b2c13392e37ba1e227b0f97fa9c5b4c4a5i0,0,0,0,0,1000000
dollars,860000,00003dac19c39257686f89c0c1461da77c5391a9b48fd21b775542472ce1406ai0,0,0,0,0,1000000
domo,860000,54517e3c7a9c65b7f81fe6d373c5c71e7cb8b04a4e4d69bacc379c45af82e1b7i0,15,15000,16,16000,21000
dot,860000,00000ff69189f783c9f99d45af36513d7a2fea9b66680a2bd76ec9a6c03ad5d5i0,1,1000,1,1000,1
dots,860000,0000040ef0b5cd5d5d63ae82d3a143a8a46a504a5e304eed169ecc260cadcfc8i0,2726,37052938,1,40000000,1
draga,860000,0000fa430257b757f0431802b0b8119b2c5c7ba08a0a53a4811fb022bff75da9i0,13,474904,12,480000,12
dragon,860000,dc0038f5313f5fbbcfc51aaab7370e43507bdc661760f55ba634aefb5ad15c57i0,8701,1197037465,21000,2100000000,21000
duck,860000,0000762d97ffd3d27e614d8ba04b06af6ee789d31c4a940cc12bb52bb93cc4c7i0,7,56084,6,60000,21000
dune,860000,10246d36e367b36314271c2202ff51c9c5a7b8696446595bb1a03f06b92b1a98i0,3,3000,3,3000,10240
dyebitcoin,860000,00006da647da351fdc91f5f8520fadcdcdcd87ed681dba674c14d9888794404ai0,0,0,0,0,100000
dyebtc,860000,0000628b0f361f8b78e497e0a3dc15d4a2d1e44de5c146500a332b5301134e81i0,0,0,0,0,100000
dyedbitcoin,860000,0000655f148e35552bcd641640ed1a349bdaf130e91bbddccd68c37ee074053ci0,0,0,0,0,100000
dyedbtc,860000,0000f841ee4543152a2a710836eca80f971f19b535c34f4966acce80b98658a5i0,0,0,0,0,100000
dyedcoin,860000,00001e3749e7a99b63c05b910958a0f8a2d4655cad9ffe8022083ecf809fd389i0,0,0,0,0,100000
dyedcoins,860000,0000947d3966967fd156ef50fd2526dfd83804e45c48bbd9a5b281ff7e8aae57i0,0,0,0,0,100000
dyedsat,860000,000078a043aa23c161862d8a38cf1a90b99b69a22e350c8b72b4f94e04f80edbi0,0,0,0,0,100000
dyedsats,860000,0000360d708c243b3746ce01af07c040af380f7aac6498e44378241587cff747i0,0,0,0,0,100000
dyedtoken,860000,0000703b552b226d27e8c6a458b4e2e386fe3c4c05207f38f28bf72d2e74a7dbi0,0,0,0,0,100000
dyedtokens,860000,000045fe51452a136016dc88170ec45e71b1299d180c9e498af736fb8f230f97i0,0,0,0,0,100000
dyeingbitcoin,860000,00006e9cd851c4b16c70429da220e281b9518c83674c4f369562ca018d65e86ei0,0,0,0,0,100000
dyeingbtc,860000,000034c874f464eb40204505b6c35654864cc27a2f7b28ccebc382e1f79b8c59i0,0,0,0,0,100000
e,860000,0000fcadcd2d4782fcd1b7c01fc950fdf9e5fb9ea2417e43b7b9fcac4a4e2da8i0,0,0,0,0,500000
earth,860000,0000355d8c1441b7edb0c5afb48205214ec68fa6e22a9f5d59de85998f2ebf7ei0,0,0,0,0,420000
ec,860000,0000cdee99289515f1e1e9dccd865a06dc9843ed159e57396dd763a77626d7c2i0,1,10000,2,20000,100000
ecash,860000,0000092cb3bd78cacb2d8f237b285c52430e34a77463db286c1a8e88fe23e22ai0,0,0,0,0,1000000
ecurrency,860000,000069c98249fa0c4e7fab234b50b2fde26b6f6803c96b9ad5da71de0a91747ci0,0,0,0,0,1000000
edollar,860000,000013dc027fe0c2a1fc9bcf927825ff8661d6cbe9f69fdc687d5db9b7503a31i0,0,0,0,0,1000000
egold,860000,0000a9e3e475ebe2929d2c3473dbcd88fd1065fd0d1cd237bda85ecd284edc81i0,0,0,0,0,1000000
einsof,860000,000045a21c65bc0d8cc990e11258e01c11e8ba381eeff825acc41cd18058271ai0,362,475000,490,490000,10
einstein,860000,f909c584c025a99e0bc68deb91e1a046aa832c1dbd5dd32586c745f56280f010i0,1,1879,1,1879,187903
electron,860000,536737aadfaffa17233bca342be2571e14916f6a29003ff4766d515283e68e90i0,5561,931883565,18400,1004640000,18400
electrumx,860000,78653251139bbef915e1a22115aa7ba30ff46d57d13fcee0cdd8f545b813d88ei0,419,4395328,446,4460000,5000
element,860000,000075a0c223317938f2cd708c9c74ac85608d60ec0fd315277ba6e800e41abdi0,0,0,0,0,21000
emoney,860000,0000290aac8187a156888e3cd80c19260f78f22b0c123b22aed179953dc84201i0,0,0,0,0,1000000
energy,860000,1010312b7e1b042d75ed6675968f71feb34eb38a26140903954dde36c90318d3i0,0,0,0,0,101000
epay,860000,0000dede134621a8a17f546f39d4348a38e2db2d60e05b5013e7c2727cd200c5i0,0,0,0,0,1000000
epayment,860000,00008e978e88e3dc04d69ed8662bc1f316c334b1521be670bd6be406cb904131i0,0,0,0,0,1000000
epayments,860000,0000f87b9663fc90ff0ed6cc1742aafb9a2f709e96ef49d2f1e3ad4b7754da91i0,0,0,0,0,1000000
eth,860000,000019c847fc2da30715e0bb9a0d2125dc7c6302c5f594ee961805f3c99d8e31i0,852,991624,1000,1000000,1000
etransaction,860000,00004f566ad8cf1c38b9df501aac7db294b5a5ab99a3859d20fc98c1230a3f66i0,0,0,0,0,1000000
etransactions,860000,0000d967b6055bd8ef2248878a20377c96d7e97e73f45f273629d788e2789422i0,0,0,0,0,1000000
eusd,860000,0000a47e6cda1328e760f0b1d0a9d38520b3a4f5d23ae57ae39b594110f84be2i0,0,0,0,0,1000000
eve,860000,aa3cf969a2c72c3a510d332c1258240c26746c9dce47d763b05855fa63fcadafi0,11,11000,12,12000,21000
exp,860000,aaaa4264e4e739df060d9025115442133a81463b228b8dab34eda981a9949042i0,0,0,0,0,100000
f,860000,0000368df7d7934a74010cf92e22540b7c0d68d1f68b28a1e0456d38275907dai0,13,2100000,1,2100000,1
fanshood,860000,923d5f127fae7abcbe0d171e3d01d9cb7a4b5c2f2d7e1bf5ebdc8f361744309di0,15975,19656259,21000,21000000,21000
fb,860000,0000c120d2625c094c9a2b2aed1dfe2d69ea0b1dc6528f717692cef0d5228c51i0,0,0,0,0,21000
feg,860000,45341f7094a0e31e9f784118c1a990e48fd3f9ca04621e829297e3dfe8c369dci0,1,10000,1,10000,100000
fermi,860000,1111466844086029a4db0461ab8a0ff53a739d77d41ed13eced42aa343de957fi0,0,0,2,327600,16380
fermion,860000,000067a638eedf79fc279c7f7a5288caff13462d0fc682b4b0156eb1a509ee71i0,0,0,0,0,2100
field,860000,00007f77df6925d51fef2c1d07fd1d9a44d4c7145d423a621c3db42de7e0736bi0,1,1000,1,1000,21000
fif,860000,886af5ebaaca5864d51cab6314cdc39fcf277220ce8d6d56ed19bfc45208c021i0,1,100000,5,500000,21000
fight,860000,000079591166d8f82a53371393a1954da29afa0dde3c0b5d410da48dbe0c3ba3i0,0,0,0,0,1
fish,860000,52620aa72b8218a5e7dd6ddab29e41f141344f3a30481f04fbb8eaef798bf9aei0,6,6000,10,10000,10
fishmask,860000,00001bc4b6f1e452fb601a05cb0711a2cf38fb1d0f3ed2d36ac5fd02a2b77710i0,18879,189206955,19087,190870000,1000000
fixedtoken,860000,0000796825abedc4187287dbccd6f70017fa77aa2ab56c7c9d6bf84a63a1df34i0,0,0,0,0,21000
fmob,860000,00007e1403973322a2b469650b654413e6bbd417337f8438b5db9cc6abdd6261i0,10,10000,10,10000,10
foe,860000,000004d60d46e81cd4f27bdb9b2412c3e55a79aedaf090f31f1bc6426000706ai0,1,100000,1,100000,2100
fomo,860000,0000bf9a85621878d7759561664ae08a08a45cc7bad127ba5a4e9c5984e5c47ci0,1,1000,1,1000,21000
force,860000,0000bcc8d240922c62713cca12c28c186e9aa6e2656d11fa325b2957b3abd550i0,0,0,0,0,21000
frog,860000,39f5257375864d20f36612ca081ce7d0cc799d489b7ad281cb5bd8487d2edfcbi0,65,67000,67,67000,21000
fuck,860000,0000d2c72a44e3c778695661e32f580c2772622d881ded8cac8b90c4a9a43539i0,0,0,0,0,21000
fusion,860000,74983840b605d17267ed742a2a6c142e1c6c8f35848c11ef749ef64296f01953i0,0,0,0,0,100000
g,860000,000068d5b19a26d743805f9e7d4957bc43c2bd8df0ab2562a08be31e99d7c4a1i0,1,210000,1,210000,1
game,860000,00006a0aa30ece25d6183e941bb49375c0d6ec59e9f1e0adcf37af5cb2c31a3bi0,0,0,0,0,1
games,860000,000077a5fb242ae6337c22d99d0519f321063b0025181b6561f5078d9bad6e53i0,499,99975499,1,99980000,1
gec,860000,00005d01ad2c020f6a06939fca225ad269017ef1dc835fb803d0f5c23f5a0c75i0,0,0,0,0,21000
gem,860000,777778541689ad09e43eeba8e9df62981c32d9fdc7fdbb7aff87cd3267bcd90di0,13770,20274880,21000,21000000,21000
genesisbtc,860000,2443f271f71f31ccf454163773df58c9979078203f62c47505c89afc76730ea5i0,4,4000,4,4000,21000
genesisquarkbox,860000,514421931138d54f105e774c62990a24086119b94441c1681349be5121d7fb96i0,1,1000,1,0,0
gftk,860000,3252d75e5b607f1129ebaf5d171c9727a147c67c8870542454c23648828815a6i0,8,12944,8,12944,3141
gluon,860000,156145d8e88591d2e4f92a0f005a9fb3b31384685c6a0780852c4e690c3cbb27i0,8,50000,1,50000,1
god,860000,00004dc5b51cea4156ff423e96c44077f922d0822063bc9bbd60f6c124df045ei0,0,0,0,0,21000
gofuck,860000,7355f422778bcb3f4ef623384e6ecb9573009e63714e6575ac27d4cb06008f17i0,67,70000,70,70000,210000
gold,860000,2258c2531df921a591c9b8ee0e78d919fdc2b6a648e390ecd502c610beade96fi0,364,3739095,376,3760000,10000
goldbit,860000,00001d30629ad2b13b79d4c592f8578cf5e1783131c436348b580ffdff6d5c74i0,0,0,0,0,1000000
goldbitcoin,860000,8654ea8828e093e1d2e5b3759b79d37f0ccb443709b9404917fae5efeacd2eabi0,0,0,0,0,999998
goldbtc,860000,9392e7e3bb0f16ca776bebee33841e863d8f0f17da84518ad8ebb525dbd6e96ei0,0,0,0,0,999998
goldenbitcoin,860000,5217a80b36c01434f80e30505007bf4f419496708747ceb7c799b25c373e0126i0,0,0,0,0,999998
goldenbtc,860000,90100190ceb21a95b9d7d9e080370fbc242777ce770412de8e4649d54dd2aba1i0,0,0,0,0,999998
goldensat,860000,71531da55514dd685c5dbfea743d4d42def79b29dbfca92ad671c2884b5e9e98i0,0,0,0,0,1000000
goldensatoshi,860000,5431a5d9a350bad99fe284f544b1e611232c0a5ba1ebf932ece7ec8d7557be5ai0,0,0,0,0,1000000
goldensatoshis,860000,6634edb6c9eb5b97e87443547e6b4afbd553a7794b6306e1ee96f9cf93f4bf4ai0,0,0,0,0,1000000
goldensats,860000,11246ab6d26cee06455c649712511d7f1f239c2d12dfba4a3c845934826d2a16i0,0,0,0,0,1000000
golds,860000,0000c98f65ebbc403d8e0f9a7fa73eb5e35ba3d154e5b13069c22a13e1a4a015i0,0,0,0,0,1000000
goldsat,860000,5912b8f6c5e6522e8c613d621c8b96bfd8439ba1572b93a1b56a460301c6321fi0,0,0,0,0,999998
goldsatoshi,860000,6660b04f9a00d81d5215f799e6130a0e4ad1184e07ecada5e757b27de0aaa9a5i0,0,0,0,0,999998
goldsatoshis,860000,98034f7cab875348f1c6e7b0b97699921cf2416059178caaec500cc29d8180f6i0,0,0,0,0,999998
goldsats,860000,42712caed63612941f99bccbff8fd70a45cd3eb9c0d8c4583d381a93c91ec318i0,0,0,0,0,999998
google,860000,0000c02928eff355d0e830ff1379b7e85ddc5ac8398962da7d48a933cb5c044fi0,1,1000,1,1000,1
gpt4,860000,8108e793065acf45cd44b93ad8d70d73eb922891acafa4c4ddc6173be7371205i0,74,48048,100,54600,100
h,860000,00000f336637cb67e11edf9b1dd7f90fb7021cbf5ce06975258875cc6276c3aai0,0,0,0,0,21000
hacd,860000,00009d3384744dfca2b317c376152e9ffd4dde9e5785250ce3dd11b69b59af75i0,2,2000,2,2000,100000
happy,860000,98709d826e33c709da81b258d19a80db5793f9c440232eadd4700973b664df0fi0,1,600,1,0,0
happy2,860000,68350d87c22b98d1e09e269783e9816407a8380e76ef2d2309c63f481b19042ei0,1,600,1,0,0
hash,860000,40178269a779aa15e8bf90d711c7eea95b59ffb4ef40db5d971e50be5cc28272i0,4,4000,4,4000,21000
hashcash,860000,00007a1fd9ad773fad54b651ecf8f18f2b022a098cdd8f66791f4a912b255d14i0,0,0,0,0,1000000
hedgehog,860000,0000a7d44aabb8e067bba49f51d97b6f18f1e505b778c82eafa46c58fa4d5b73i0,1,1000,1,1000,21000
hero,860000,22919e5b4ed7257d921471c7e8e35d207c2932b437c167df1ec82329af387a5ei0,0,0,0,0,20000
heros,860000,3398590246d04945c46d59b689bc2eec90a06a082066748189577dcea9dd9cc3i0,0,0,0,0,20000
hhhhh,860000,0000c0830228ad87284436b1dfef9c5c7ad3f6e214c66ab4823e191ba3a14ca4i0,0,0,0,0,1000
higgs,860000,00002b773cf36df3aebc21e5325b352ccdb7bef7a21c5df9587a75c1ca0c47e2i0,0,0,0,0,21000
higgsboson,860000,fa88f55c52f3daf52d51f5ab41f4720d0bc64924b0562e37a480e8e38d37c69ei0,0,0,0,0,125000
hipo,860000,84820c743b34a39d50a3d90511cba30b9f31802534c2a57596dcd4a769a4af51i0,6,6000,6,6000,10000
honk,860000,1576fd52da63e2f8f8fdd702d9d588c694786f31ca79b59fb90c97773af3613bi0,58,58000,61,61000,21000
hydrogen,860000,0001ab41dc96b03cd5881ba97a25160e99113598c4cde0935c714024827b258ei0,1,1000,1,1000,21000
hyyyy,860000,00003bec50918c94caec8d56147f733480cf8b7905fc021fb151c0c09039061bi0,1,10000,1,10000,1000000
i,860000,0000a928d1247184185af4f629d061598a9683ae2990322ae6dd7ab2d1d4a55fi0,0,0,0,0,21000
ianmx,860000,00002686a0ac9ed62e6acfe3ffba55205101a00b3f6e21c8a1eef3f916821d1bi0,0,0,0,0,21000
ibtc,860000,6105950f17e61f511b2304c807a37603aa5fc0fce7b290e589e27510346bca60i0,7,7000,8,8000,21000
ical,860000,0576bdc2241d4da8721eaa10a13f1e634e93fcb960d152d33081d53c774d2343i0,60,60000,64,64000,21000
icals,860000,2679c605df1201f501b9827fa61e1405d19e37c8c9f8ac2dd8a67da2f87e76bfi0,16210,18395088,21000,21000000,21000
icash,860000,0000116e2c6585e4f0075dc253be7a0b3efbc83814f23443f52f6e312f2fa351i0,0,0,0,0,1000000
idollar,860000,00002dc1fe971c37d3af5a761320ff66268264d5fa9c9ed81b2ec49f94821287i0,0,0,0,0,1000000
ikun,860000,0000ff8c56feb85d58fc25b5cc58bd3a6c4b29bf75353d7312c719c672b52291i0,0,0,0,0,840
imoney,860000,0000891c363f5b2e1eb001f69762b5f9492ed6500e09d85c75c1628f4587ffdci0,0,0,0,0,1000000
infinity,860000,0d5e64d42e4520e17bc204fe25662b0cf2d2a65c350766d6171facaadccb371bi0,174707,3163256492,327987,3279542013,3333
ion,860000,29424770f41d0440a39bd86fb4fc1e368eee7a315a4b5e10622d7861be8f50c2i0,3,3000,3,3000,21000
ipay,860000,00005455018e9357f544382ca2fee77c6cee351ae6edbd4b14fd384742563f23i0,0,0,0,0,1000000
iusd,860000,0000329774c07243d97cb34c81cacbe908c2b3b2d50a4f4ef97c1c1c962d6f3di0,0,0,0,0,1000000
ivy,860000,9079a0031837ef877dda1479d9c41aab3dc45a791495988068e5194ce8797fc9i0,16,196560,22,240240,2000
j,860000,0000d2c2737ad02ed357d8a311f2368cd6974d1209a57b22fabfc66d9ac08d96i0,13,2100000,1,2100000,1
jacobs,860000,000015db0ed6363b1ec288338d20786fc2ca4bce84b3efda1f9293f34435de87i0,19,125442,18,125442,100001
jesus,860000,7777a3648affc8ebd3a35d188a69672ad500eb208e0b86b71e51cdefca8475e0i0,0,0,0,0,11111
jiaozi,860000,14417959b9be71f20afb4ef8451ab21512441a2581b5987d29bf7fb2a1306b06i0,0,0,0,0,100000
joker,860000,000021ffeeb1c98ee121fcf9ca754bcf277ba6a3c716c82148c4699f4c8052a0i0,0,0,0,0,1
k,860000,0000d0fa7fb917756077734111217545db6c40ac79baaaeb7a207e5109675822i0,7,2100000,1,2100000,1
kekepalmer,860000,0000dd72a7c02419231f0384094b1e7e6a5dbe591f61a89ec20ecd3911e81f86i0,1,1000,1,1000,1
kimo,860000,428801de5da96c18c87333f672a2a0a74eaefcbff7f603fff5f88752ab7e267ci0,0,0,0,0,500000
king,860000,fade482d15aef5ac95fd200f53640692ab2d2817ffc1d5df89161f084f5c6ccai0,0,0,0,0,210000
krypton,860000,87737d3412cee7feb5f627fbedacce053db542f12ca0f2e363bc9290d7e0ba64i0,1,54600,1,54600,20000
l,860000,00005ac5d941a5d7c588d7a23f1594c60aa882b1812c231ae68af90df07f8290i0,12,2100000,1,2100000,1
laugh,860000,00002f2111d99ca8d632548ab28f3a7f068de31a7e358fe7a438a5e3c05a58dbi0,119,13650000,91,13650000,140
lcars,860000,000031438ee24b6f410bc92898291f3c40eacb2ca0a07e642359cb830eab0011i0,0,0,0,0,500000
legacyvault,860000,0000acd4c6f8e7e2922dc335239932143c066b2ada3212820fad31625853bbedi0,0,0,0,0,210000
lepton,860000,6879494236156c338ec13f7c9ae431783a5fdacc4194f631cd999437905f459ei0,1,210000,1,210000,1
link,860000,0000bed54819fb96529b08041c31dea1a3c6dfb830b53b2dc0602397d84e963di0,1,1000,1,1000,1
loca,860000,8999675dea5b55855aa1c5bc6ccba513b41ab200104def1d47a830923abdaebdi0,0,0,0,0,21000
lol,860000,cd284d9a858ce5d4cedb643cc0f8fc677e62b38dbb511e4314a61b455a190d13i0,0,0,0,0,1000
long,860000,5762c706131a6393741b9119ba503c5c2487af9d3a48d9c405bd130abec68105i0,43,43000,43,43000,21000
loong,860000,9446dd9b0a1ca8fc27cf07ed00dced3ce4b4c04c19e5fb0bd31494e7acec6eeai0,4,43680,4,43680,2024
loot,860000,1c7c674555be08884769ea475519afb0e9c7715af49305707dea398ed8f86dd5i0,184,185000,192,192000,21000
love,860000,c072e8494a2c4b970b7e66f57de9cd4ee677cda54f7f99631075b2ae800e68cbi0,0,0,0,0,520
ltc,860000,0000cd7f057b124587869210fffa83a9565a5566054ff177554631aff6ec59abi0,1,1000,1,1000,1
luck,860000,10929e5496651989fd4fcb425d1cf0e3b06d96cf77ff4b7b26074719eea78491i0,724,642579,1001,777777,1001
luke,860000,76d52236d6634b48491c45b5d50c0e16b7d4a4ff9062a50d681a27e64592e442i0,7,7000,33,33000,21000
luna,860000,0000c31bcf0bc9fae3d8a0c20fc496a6bf7acab0d145e13e338fad235ab45f28i0,0,0,0,0,1
lutr,860000,2012af742c19c063a69cf37bf6804daffff02e378dd36b99879f3af3a49272eei0,0,0,0,0,21000
lvx,860000,6794ee76fae9dc4d9f2f9bcdd5c7757b9d9f033c3f89dfea27470f2f0ff51e5di0,156,156000,157,157000,11000
m,860000,0000c7bdf1244b3d7b8b0de2f7946dc61f419e9e3594c83625503f7611b6d6e5i0,1,2100000,1,2100000,1
maga,860000,0000c0bd539c0c3913d687d6c1322dfb4c5fb03d68a04bc4141138e4d189d5c2i0,0,0,0,0,1000000
mars,860000,0000ff941f153d9cd4b98970447a83de1d84e1b140d4939cef3a4a6cfd7fc64ai0,485,652000,652,652000,100000
marscoin,860000,0000460f6a8040fe52f25a4feb8c17866468eeb39996d436eba3dd63823bf0d5i0,0,0,0,0,64219
mass,860000,7508c648d4a94c749b89c98672cdaf5dbde365f7cb444beb48d5044a9a64ac07i0,0,0,0,0,100000
matter,860000,00004cfdfd1d448d63119952b42b3a462de8918fe641881d119dd31e64d3401ai0,0,0,33,13860000,500000
mbga,860000,3662454272185882c81cedce9b0e132311e7a602a0b3fc105dc4fa3f1d77a344i0,0,0,0,0,420690
meme,860000,66653cb07bbeff9e47c9b962c86c28245d29c4cdad0dcef6afb23325ce8094cdi0,28,310546,35,350000,2100
meow,860000,2854ca8e11bff86facac461c0c6108b63fb78f822533fd8f5bc2f869d2e06563i0,0,0,6,600000,21000
meson,860000,000044bebc123cf6a2c83536e7703cd7be0685f8df11a93f0accaa9dd4186687i0,7,7000,7,7000,2100
midu,860000,00001ae2251688a3053e058c740c275209c3ee6daf1f1bddf62bb0652db8bf4ci0,3,3000,3,3000,38626
miracle,860000,7780d2c64b3fb8516dc266774cf4f6b3964670d450f541e6e3d8bb31b04f6baai0,3,49140,3,49140,10000
mol,860000,c7ac275408bbfe26ebcd2692ddc9c0c6c8e6e7b1bf09fed031bc72e4d86d8aa9i0,7,147000,7,147000,10000
molecule,860000,50775112ebcf9f58819e06d23a17a5fb69430712f965f03572a08fd614d7b7a2i0,26,209046,1,210000,1
momo,860000,210057f11fc42d4acee8f9a2e0ed03d09c69ef865da8d730da9aeaa5b8f0a247i0,23,460000,25,500000,20000
money,860000,0000edac52ce82216d58c60483dcf6f09c17962fea1f11ddd705e9d8e1a0e118i0,2,7000,7,7000,21000
monkey,860000,0000be733440ff3efbc53f74a83670c209ff60d72449f18d9363f037d1195d56i0,2,2000,2,2000,21000
moon,860000,9853d7e836bcdf78e20dc20425dee60d9440d555a59332f489f768c69b0555fdi0,8,9244,2,20000,100000
moons,860000,32568f2d1206dbd99d3803b9bc2a1edadaa4dfd01228f41a526ad43584373abei0,1,1000,1,1000,21000
mota,860000,1108e905068d3d2bfb932ff11eb33d830e12f290c9c1f39335899ccf47522daci0,3,3000,6,6000,21000
msat,860000,00004a642c6919c9b3979f7ae4b37c378dfdf0ba8a1339fef51ae4ac57374aebi0,0,0,0,0,10
mtgox,860000,00001ccf0743dc8b5262b91c49bb28ccc60d5767f317cd599def5528b0abb389i0,0,0,0,0,20000
mugen,860000,3246f0e2028f05dbde771096725bd52fe8ff7c0e50847c3e729607787b670c65i0,1,10000,1,10000,2000
mybtc,860000,0000740d8d969431b98f548743b797b6e59d0006f5b0906c705ead4ecad72526i0,2,2105000,1,21000000,1
n,860000,000033ee22576083ce9eb04dcea218656b091fe6e6456436147d4aa92d816fb1i0,14,2100000,1,2100000,1
nakamoto,860000,000098b681cd201d48fd156bf7df7b7d0a176afb80b50eb8f918f356f912bdf2i0,0,0,0,0,21000
nbtc,860000,00009e6d1c31b99874625b462ee0c17055f6755f4a262fea31c3a2e710e59d0ei0,18,2094950,1,21000000,1
neutrino,860000,21948fc21395fb1916b4fe42cf6ed0156e6bec3b8d46395cab15a10523901fcai0,1,420000,1,420000,1
neutron,860000,1d00ffffa6d003a0aaa9af6d03a793adbb7124c8c9ad8d6df5910e9ee2f912abi0,5193,1865522684,21000,2100000000,21000
newb,860000,00008f68d61f5869ebc2a384fe18b1e190e44388865e952e9df04241236665cei0,1,210000,1,210000,1
newbtc,860000,0000146c68572beb6e7e02920539fd5659667acc3c9ea7a00cbf127c27929c43i0,3,2115000,1,21000000,1
newton,860000,bd311d58cdb51ec48fc983193990f80719d538e320cd839c2e5ac84ac6042609i0,0,0,0,0,164314
newx,860000,000059a66af26e282b7ae20c9a3bef67a624311b612fd1e91915043c90d1ea01i0,2,2110000,1,21000000,1
nft,860000,0000cb8d4c19294e1e0c998996ba834a114f3db4c7262e58283f9a958cb7cc7ci0,149,90000,150,90000,20000
night,860000,0000827d506d12fad63df6a00731ea5cab15e797be0e7b06612aba50d4619437i0,0,0,0,0,21000
node,860000,42417be581b87ff2f771e9fa3c11e5566501f0ac801a60fd22537c13e1494159i0,174,99900,181,100455,55500
nucleon,860000,27962b7268c4f6159a5f1d4cea880d3f2920b9bf098f704271e785f679394c33i0,10,11107713,1,21000000,1
nucleus,860000,9198d994c43d6214c062b9c12317c9740fdb6a73a3d7a7ebd68b962abe802d8bi0,17359,18956949,19019,19019000,21000
nuke,860000,66579e16ea64b36252da05852910d9f3fbff82049953eac43dfbedb31340b607i0,35,82250,35,82250,23500
nuls,860000,00008b4af9e1bdf684de2ed2cdb9f755c6d444fc21ac27febf2f4600dab9fdbei0,8,80000,8,80000,10000
nuts,860000,735e6900c6cf24a88077d0d91e6595c8a22a9c6bcd96ce3de83b8aa3dfdfc147i0,1,1000,1,1000,21000
o,860000,6926af7d645d52b433c13e9fe7487fb15f1190d8b40ba134d81922d700eb9cfdi0,21,21000,21,21000,21
og,860000,0000e812912a6eefca187ba2cfb286391eeab13bac0f3881f75675429d9d8ceci0,0,0,0,0,1
ojbk,860000,84199763d03dcfe0aad20828a6fd8d3faca0e5d4dcd77e91533d7588032ac31di0,0,0,0,0,10000
okb,860000,0000e71159a546ee938a4d81c705e00e4ec68fef44a4309891e571ca4355afe8i0,1,10000,1,10000,1
okt,860000,00003ab87755ef5f2989bbabaff365d18561ca25a3e1631a35e5e6a8a5403a1ci0,1,10000,1,10000,1
okx,860000,7935bceb41747b259876b9a1e636ed05d5d672fa37bc715c7bc1296a62facfa5i0,5,10000,10,10000,100000
optimus,860000,0000df6a908e9744e53311c30db7e9ceec86776b8e286b02ef5c55d46ee7cef3i0,0,0,0,0,3
orange,860000,ff9a5ea4b4a182231f6ed1d3e8624feb30e5ab576670f4ed690cca517e936e63i0,4,4000,4,4000,21000
orbitals,860000,0000d29cd4a73da0850f3eb13b52927f97664d4df3daf27dc5b02c51555709dbi0,38,390000,39,390000,7521
ordi,860000,6969d53ee63166485d1d0c2dd96a4f2d1483c12cbe999447bc4cf6c73aeaa2b7i0,1,21000000,1,21000000,1
oriston,860000,8873b2ffdbba31dfe920f07a95c4f8c312d7f09d24ef81684600d0e514e387b3i0,1,20000,1,20000,500000
outs,860000,0b91b92beb734b2a288fbe0a5631627906f1c804ee20d83158d90132058c42d8i0,123,182528,210,210000,210
oxygen,860000,6286db5b848e645ef70631164bf198aa1a99922f4e03ece7aef2dace1dc5274fi0,1,210000,1,210000,1
p,860000,00005acb72e1c1e69732db81d44396dc2ba2d434526cce21a841ea7de61ab2bdi0,6,2100000,1,2100000,1
pandora,860000,00005f01b623a925772c7e93ad9464373cf83ff5edb387bbe67d07cd919475f8i0,2,19998,2,19998,2
parc20,860000,8194c06e10067e84bd021b12af7bab20f221ec4195db8d9f8cbb447bc913ec43i0,9,141960,13,141960,100000
particle,860000,7475e8220d1ed741a787be7bb90d05948616bed3457dfd2488d466cfbd1782a6i0,1,210000,1,210000,1
pay,860000,0000bdcc01fe53d95457ea10ac2c1a4b7c2e46e7a294e8600e5f5a92abb02605i0,0,0,0,0,1000000
pbpb,860000,151022eb5a815b8f4b615ae9246f64876fd8e4e2fb12063589543e8aae9a9d8fi0,0,0,0,0,8888
pepe,860000,9ba68637ba32edb6370bebceaac3df4341180cbf7bac210741b12a679692d716i0,21861,59941030,34500,69000000,34500
perp,860000,9707351e223d949c740953cdde1a1b6f23290be955fb6e595e8fa63eae0cc1aai0,1809,16489916,2625,21000000,2625
perp2024,860000,202434113e8425004fbc392081be1949a8fe5e58e53645969d58fcb1453219e5i0,0,0,0,0,2024
perpetual,860000,6615cf27a57b06be5588bf9e26c74f393bc1cf72f6169a78919a8201435eaab7i0,61,610000,119,1190000,100000
perptoken,860000,0000d9ab29435f9ccd65ce6e2536277cb35333b3cf5ef52530774b16538193e7i0,0,0,0,0,8888
photon,860000,0000b29ab093addb1f334ae62e561be604258a01d252866fe46f597cc9d9be7bi0,15250,20230574,21000,21000000,21000
pi,860000,0000799e65f9eb7fc4c313e0d79cb3b797d4603e2b2a08cf528a4349a5c8cad3i0,717,779226,817,817000,31415
piin,860000,26410f5cb19523328de8c685cf729723ff28b045f036339b0b8d945f103f10e9i0,87,49140,90,49140,1000
pipe,860000,4463e052df7bfbc879879a2aa825be2e8445c6f264c557b67354ce9dd499e9aci0,12,11964,12,11964,100000
piza,860000,000030dbd9d11b8ea2784e3fbadeb6fd3edebf3f076a55153cdc2cf6fa5fde41i0,1,1000,1,1000,1
pizza,860000,50058e2e0ee267bcdd64a57f01c844c95bb19b3f42266b10a959eed6684eb4e8i0,3374,4884535,5000,5000000,5000
poc,860000,00009969c6be2d907d0bfb837d6015537cadbe3d287d13c0beb757388b73daa9i0,14,2100000,1,2100000,1
poker,860000,a7be75f7a3829879a69374d38c09678ec9af2c80d234408c274c02c4f7b15b1ei0,2,2000,2,2000,21000
portal,860000,0000895861159283c5d55a986978b083988feb79759bf699e5813f15c352577ci0,1,1000,1,1000,21000
positron,860000,5367b58c86fe2a2249ddb6691969f09f5a269e12acae20bcae4924c0e80d34e0i0,1,54600,1,54600,18400
potato,860000,83015c342276740ee40744cf71d63ff4b778aa7c7ae719ec7cefbdbde0cfbb97i0,1,21000,1,0,0
pow,860000,441361acefcc7b925780309701ebfbd00c198e31d92eceaba4e541bdc091bdddi0,18,1431708,13,1490580,100000
preon,860000,1150180c38a9cda8fb22005258368b559d9d9fce27f938a485d7890f8d6c0d42i0,0,0,0,0,500000
proofofclaim,860000,000037721b07fd5f0da35a39c3173098ada3c21d13abbbf9b5aedbacd95ab30di0,14,2100000,1,2100000,1
proton,860000,00008759119f684c812568cb1ec269ec7f3e7b3cb301f026dc273be790065e12i0,14677,20428985,21000,21000000,21000
punk,860000,81f8534f65848436c0b5ced2e72ee2ef317d209573f1855ef492bceafe8a7e56i0,1,1000,1,1000,21000
pups,860000,0000bf5d4ebb77dd62f2532b12954638b568433b650a2d475e91ca6127cec297i0,12,7770000,1,7770000,1
pym,860000,7414d69100929d0218fd0df14d581eb9a58d9bd93844858af3cc1027bc2d4c2di0,2,8736,20,87360,400000
q,860000,0000ea6d1f4132abce778619cd27da79156226864585f0a6c471fdf2cd2a7e3ai0,0,0,0,0,1000
qi,860000,20221ca4113755a80bcc1c6687b524c67fff6aa01e8b6c5e2250163a7f303861i0,25,130000,79,395000,200000
qilin,860000,8888284d6d41104eb55b94d53fb3b397705fabb1ef7a580dc415ec278b3cf8c7i0,0,0,0,0,100000
quantum,860000,37086fce3b535f1c9033c61fab4f45bf6aed67cf737f2f510803c66ccb00c9a2i0,905,182812164,2100,229320000,2100
quark,860000,9125f03bcf9325f6071762b9aee00b461a0b43ed157c336e2e89e07f47ea6f66i0,154128,9696961667,500000,10000000000,500000
quarkon,860000,aabbcc42d91cc575f80270e6a8b7e1b54f816c9b89aa8b23a89a95c9431dc003i0,2,21000000,1,0,0
quarks,860000,00008d6e081fb9b59758769e178d8af5f711e6d7e22a2d2e13a1535d7135eac3i0,1,1000,1,1000,1
quasar,860000,00005c7f7ba5820b168bc697e9590ceda7f6f580f70680d8fb7614937f2fea01i0,1,9999,1,9999,88888
qubit,860000,546068d958cae168aa244815a63ec9723f11b75085b74ec79634c410944b6a81i0,64,5181664,680,74256000,54600
quicki,860000,6969e8c264de07159ec422baab3caf0c01db671cda2c0f88822d160485f3ba75i0,33,229977,33,229977,420
r,860000,0000250fa259d4c9ab1e017bf7b0bbdb60775f26b53dcad3ae6c35cfd6a1a556i0,0,0,0,0,10000
radiation,860000,444488100e0aa11c2e0fd4f3cc84dca51857218d94cb5baee9a466de939c116bi0,1,4200,1,4200,21000
rats,860000,0000f83d490f1983aacaac330d2bef728ff5981e259bcd0cb103f5ec56f4ff75i0,2,7622,1,9998,1
rea1m,860000,f3cbbb60f42575d9930c588aaed4b013a02a99ee8cda0458b6c7d457ad16fd1bi0,2,2000,4,4000,21000
reactor,860000,5241b07b86b26e9751352113ef4ccf2b2fb7e52db0f8913570bc173c32db0717i0,1982,1111110,2040,1113840,21000
reactors,860000,0000e9e470decbbb6684077c2d7035598b4bb2435fa403490e2e0e9c11b85484i0,7,7000,7,7000,100000
realm,860000,5994cf36fd6e9c04a2cb95c19d2b458ef33804df3af903dd75be5752dada430ai0,9033,18686562,21000,20979000,21000
realms,860000,0507355b9637882eb98f0f8ec5c8819164e194faf1500b79d50738730adb975bi0,12,12000,14,14000,21000
realsats,860000,0000ccd7f5e4a34b9b7b74e0feb3da1ca43a1ddc544d0158c26f91404ed574dci0,0,0,0,0,1000000
rekt,860000,9ba6f71c6176ef7dab6751e4b71f6e6d13694d65134935bb275d89d1f0e9fdb2i0,868,1255999,1337,1337000,1337
rexxie,860000,2222c0b117ad16100ee861be74447ec0bc77c99d6e63f0c2fef4db7c093254cai0,0,0,0,0,22222
ring,860000,0000550718925c72b66089f1e86b833b14b7bba341cc547c10fb5183bc0148d3i0,9,9000,11,11000,21000
rns,860000,20230e83d05cbf1111835adc9e3e5738f09eb1e30a452e04d923ad7b1bbf43dci0,33,33000,33,33000,21000
rockman,860000,0000d3b8f7afb04aacad4a5deb50c68b053accda460dc4d7660f5370ea2e7bcbi0,1,1000,1,1000,21000
rune,860000,9838fe12b7e9dd4e22c9baeb38b17ffa584edbca63f4744ce518269fc304e659i0,1106,1223095,1276,1276000,21000
runeisdead,860000,7081b7f6e18da3a41ab665c12c8dff5f07d165218298426efd02bc17d0aca571i0,14,140000,14,140000,21000
runes,860000,463373bc30c8cb3e63265f1ad1da1933e51e91f5e858b62911f51d21b63042c9i0,0,0,0,0,21000
runic,860000,2898bf66c0be8d6cebfa44022cb40bcf81d9892d41c792ef0682dad676ee458bi0,1,53649,1,54600,20000
s,860000,0000706652f68f8dd1acd0c099bc201fdd628512ed5dbf698637d85f3d1fc2e8i0,0,0,0,0,21000
salvo,860000,73618482ef9917f213f445686c3a8adfd39688ed2bce910c34abf5ff301699f3i0,0,0,0,0,1
sat,860000,4170d1a3e8e925bd4b0021c26f38b08c6aba20cef492e1f48b741a7c107e0ae9i0,0,0,0,0,100000
satashi,860000,8883f3d987a9828cb9d5fd1e913c09e763cea552c8adb16bb63ab7e99109defai0,4,1680000,4,1680000,500000
satcash,860000,0000eff3b659a11e63903ab78688a38dc2cbf19f4a708abe462d06e21aaebc28i0,0,0,0,0,1000000
satcolored,860000,2220c97a12403668ed1bfe273cd6da5832a82d503890856864405481a3d66222i0,0,0,0,0,999996
satcolorful,860000,931920ac7525c022f55f06cb97bd51f784e158b567fc0098b5ed4be375feb4eci0,0,0,0,0,999996
satcoloring,860000,9222a0cbd9561464dd751366fe0ee1a33c00eda96017d041ec4bde3a808f7584i0,0,0,0,0,999996
satcoloured,860000,18301606fb3c286ea5858c661fc69af2d125e9fa39234257c60933888795e398i0,0,0,0,0,999996
satcolourful,860000,187678339bac45ba2eac85d09350e58efe7187fcb9019152d948d4a64e796cbci0,0,0,0,0,1000000
satcolouring,860000,909245a5095dad2cd1dff023171cb30f8fea1f5afc15010c865890d8c40fcbbei0,0,0,0,0,999996
satl,860000,0000d9240e79afe997edc837dbbe06c388ac007dbd22157c2dc6d5a702461b93i0,2,2000,2,2000,21000
satoshi,860000,000055c49849e0051ac3829675f8adcd567b74b903dac75150e42b4c9590ab09i0,0,0,4,4000000,210000
satoshibit,860000,00005d5cd87a712bf0448ce23030486e15e43c0103ec2a04f776a77ec510b9a9i0,0,0,0,0,1000000
satoshibtc,860000,00002e78dda2e0970b7110920b2289564a587808ae0f3e3af4eb4fca3d99160di0,0,0,0,0,1000000
satoshicash,860000,0000dedae665e9acf2608761f27632694f0719953669bb57341c0ceac63e73d8i0,0,0,0,0,1000000
satoshidollar,860000,00009ccd4a7d7b614c3d38eb3fc29e312c1a797bbbe4cf7a1c62fb5901ebe850i0,0,0,0,0,1000000
satoshimoney,860000,0000562d5ea7431839d43187e6cc23fed60cd0bf93559d1378578867fe24dc53i0,0,0,0,0,1000000
satoshinakamoto,860000,10017f579db02d1a98b33ab8a0cd6d6f557f274a4a1f9faecb0e82f20feb3736i0,2,2000,2,2000,21000
satoshipay,860000,000072e6ccad8ac1da2fa12e416bffe1976fb54370a90499ee2d16454f5d0ec5i0,0,0,0,0,1000000
satoshis,860000,2158e8eb94c4b2ba04b74585d31cf8acb4e9252d48035f2a39db67420c2c060fi0,0,0,0,0,999996
satpay,860000,0000af2cdcdd5e4aa5a471c4242df2c1468b954a2cf42c90e4fcc0f1ae98f405i0,0,0,0,0,1000000
sats,860000,8632ac61fc05d5a5e75a35e8a1b579d451c2695b285bd8d91edb390ff6f5c5dbi0,3,20986905,1,21000000,1000
satsbyte,860000,20230e52e05939701eb1e737090f119f4498145a0eba4de3aa43a6c06585d6d6i0,13,13000,30,30000,21000
satscash,860000,0000ee9f3e0f695997f897b532ba3628dbeefd9964ce6a765ce1635ca99f1809i0,0,0,0,0,1000000
satscolored,860000,417066b780c3cfd6e320d20357cfd4c5133cc1a4f6d41256b069f7a7f29d95a3i0,0,0,0,0,999996
satscolorful,860000,82820b20ab96e1f2cc485e07167323393e4be2799637f20988cd66f6219b8a37i0,0,0,0,0,1000000
satscoloring,860000,5199ce8feb822a167334f0b9ec8b6d634767cb3255f479379008af635bb9b123i0,0,0,0,0,999996
satscoloured,860000,9768375c02c1290d4e671bd3cacf680cc296d34a3b66ab1658a47ee74ae36b2di0,0,0,0,0,999996
satscolourful,860000,9542faa4801e928d1c22265ba465a129710b88903ad35c72f9829c818db2b888i0,0,0,0,0,1000000
satscolouring,860000,1715dd45cebcd5442d7480b4274041c278ffd6b5507ed6b694cf3e0e2e859c42i0,0,0,0,0,999996
satsdollar,860000,0000c93add85f4634d33f7e8c5251f11a7f2550e8112e21d72e6502599394a13i0,0,0,0,0,1000000
satsmoney,860000,000015835f05695963df9238b81bce29a780ee1266a96a08578ed6e7cc6fab69i0,0,0,0,0,1000000
satspay,860000,0000cbda964f38991f3350de389bc1150118c335940162651277c6f1bb814d4fi0,0,0,0,0,1000000
sf,860000,4096ba8ffbbe268c2b73144d079e69c4b8817fa00818e124db65d8af3c8ca299i0,1,1000,1,1000,21000
shadow,860000,00009a3a225b4ed471f613c81589dc118f144ae780b0241616922dd476db8f52i0,1,10000,1,0,0
shazi,860000,0000ee7790d12f0480e5ad0be84acc72b6b1337008cc085cc25c9cdf8019dc5ai0,41,974812,4,1000000,250000
shib,860000,2574a2c35ab9bb2d5089f6482226390353d77bf307c485f1d3ce42fda06f1ab4i0,0,0,0,0,21000
shibainu,860000,1777b7ba409d6fc651b96d0ee639652d6e9a4010b36df9d7943210321f512479i0,0,0,0,0,10000
silverbit,860000,000010fb64dc4da90e3db9f17db021bfce0791297d38bd726e8f856d64c47ea8i0,0,0,0,0,1000000
silvercoin,860000,000077bf35636140fdc5e7a2227bf739e132447aa20def393cd1c8955ac81bd7i0,0,0,0,0,1000000
smiley,860000,00009f7214b03d4c5d63f2665de77f17debfc3d429dfe04faea01b90859c8228i0,2,2000,2,2000,21000
sol,860000,0000a554a6a2507aace7b53eb7a1f5437b833983b715090b7cb577c3efc882e1i0,14,10000,1,10000,1
sophon,860000,360533d31e6f3c535acf7a70686ab42cf477b3f7ceaf12ab1d30be218b1726a9i0,138147,24548327033,420000,42000000000,420000
sora,860000,3670133f01373ae2bc5f1e66e1afdf88ca3039df34e02da06f3665601718a84fi0,45,480653,74,808080,30000
spes,860000,00007b69b9a31e384eaf55d10157b3f03b57341db214b89f7ed2145198179c2ai0,1,1000,1,1000,1
spin,860000,819587d3c870d87a6cb3f0bb5f45dfc8516284f8040a116890ea8f056b33e230i0,30,30000,30,30000,10000
star,860000,3868b986207280f990d8af5f08e6b1b0f537e31c13009376dbf6757fcdd3850ai0,8,50000,5,50000,21000
string,860000,faf686dca4e14eaa44636a5fd1d4cbf7f514ee037ff7c1477c4b9b98928274dci0,5,5000,5,5000,21000
subrealm,860000,ab88afcf5c42cbbac141966714dfd14ad280feda3ba785ea9a3e52ca938231dci0,22,22000,22,22000,21000
supernova,860000,22614646a7cdd62c5b27452f1a711643baaee36701c0ad8c0d9cf38d6fca0d61i0,2080,2092579,2100,2100000,2100
supreme,860000,2617070a7949b90f2bca7add9cb49fa875746abf50550145920a22566bcc7a33i0,2,1992,2,1992,29995
swap,860000,71a5c6bcbd66e80d540cee1d19e2c0de59be46a6cfdc969015b528e23b7bdcfci0,153,155000,159,159000,21000
sxio,860000,00002d8e72e0c86658994539d8525388a63b007dda289ff2ec0a4881351751cai0,0,0,0,0,21000
syn,860000,9380661bae32a080f5d52b7feb8aa7809f5c7280b487eb274defcd6263459038i0,46,5474609,100,21000000,100
t,860000,00003f84f464a76364e39855737d71ed5a2da6f9ae2a7d92ec781799ad69fb1di0,5,2100000,1,2100000,1
taiji,860000,1010e395f2ce9fa9abd49259faa17a877e58c156d86edf47a8b9281031acf9b4i0,10,10100,10,10100,10101
tao,860000,2d6dfbdf45b8f6edd7babc5d623fa64c4fdba5bb2995847879804377904b66f1i0,22,22000,22,22000,21000
tap,860000,b007bf007eea0805696525f18576a0cfef54d63e46aae3f3a85a9aa93dd1d01ai0,8,8000,8,8000,21000
tbay,860000,00005a605bc0edbb6c19f6ad109301b5749bad1c60ba05b7e2d205a91a06effai0,3,3000,3,3000,21000
test,860000,6146609466683375c9b483ff0e589af6e507964d71d6f7c07765bac664211b5ai0,0,0,0,0,21000
test123,860000,00005fa46f92beb40a2e4ea5d539310c837a57bd6afd7e3249f8d322c06a23b4i0,0,0,0,0,1000000
testl,860000,0000fb307329d98a3c898aa48fe3d645b0446aabb8a5aa89462528f06b7cc6e0i0,0,0,0,0,140
testperp,860000,7755b4a37430ef8d2893a9996b140d72f5eaa5752dcab24d9309120d99b0a5e3i0,0,0,0,0,21000
testperp2,860000,5133349a3004efcce8eaf0599bf935ad377b19c7eaa0068b7ecd142e7746b391i0,0,0,0,0,21000
testtoken,860000,161847f4d3671521ef55d6f19eb456f9bee64342f978e1c52361111868677fadi0,25,27000,31,31000,21000
ticker,860000,56a8f8106a3bc5a0d63b53ea1b0394a4f230c3c027934612ced380bcdb62274ei0,373,378000,398,398000,21000
tiktok,860000,820d63768d6f9133dbebd7929185ba3a96d09a48605e367bb9270e78b551f471i0,0,0,0,0,21000
time,860000,8888f57b3c1afee2d61822acb7ffea02c5b16f7c54629e3f7c4298f6e1f900ddi0,0,0,0,0,52560
tomx,860000,0000e9526aff495d028f3df15f709ffc1938cbe73389e9d6da81ac809676748bi0,0,0,0,0,100000
tor,860000,38001fbd83c763636f61693f28d7377ee743a9e2b38dc61c916d9bb1bd0a3568i0,77,254177,77,254177,3301
trac,860000,5526651ec3eaaa2c5bbe1e37aa44b879bc6dd82ceba8d2fa25a1affc5085010bi0,14,14000,14,14000,21000
trge,860000,243180592af7090f917ca5fc2dc3175807ab369ae75e2d3906ea37127e1a583di0,6,100000,1,0,0
troll,860000,0000529312364b9e32e5bc58d39e5d0a5de245a339bca6b7a2af8d265a7e0bfbi0,355,3536066,368,3680000,10000
trump,860000,0000708586ef719c2a21bcaff7e389a8055e9443944798656a2ce47a7fb4a002i0,884,20694719,1000,21000000,1000
trump1,860000,72561cd8001f4960b64ca52eb46eb23d7456607fa5fb0745ae2104bf85e8029bi0,81,84000,84,84000,21000
trump2025,860000,2921d69e6cd2139b4ee4a1f831d0f9bb9f16985aa2b85badd6ec521f7180f6c9i0,1,21000,1,21000,10000
truth,860000,111116e91093e00d4df39bf58ebdc54b0e02e79561df9ed38824fe37e91ef2abi0,7,7777,7,7777,11111
trwz,860000,2155bc2f8fed58e560ce60f16ea027655ceeb3cb613919413ae5c9fb6f9b33dfi0,1,1000,1,1000,21000
trx,860000,0000105769ed02be56b809cc3920455ba0786cfcbe52afce0a3b3b51dc205a09i0,1,1000,1,1000,1
tttfair,860000,33377d7893383c678ad4ced6444e32606f781990c15888aeda00c122ef25216ci0,4,4000,4,4000,2
tx,860000,7aa190582668aec03370119a3e18492744fb6a650cef04eca233a171ce1f7402i0,4,4000,4,4000,21000
u,860000,0000c89b9a99adedfc1bc81f0f08a904227f9bca0114b69dda43a6de8bdc2548i0,1,1000,1,1000,21000
uijg,860000,2012c03e675d186bbf8397f81825b878fac8d3dfb03eb12f8b08227d25d79f1fi0,0,0,0,0,21000
universe,860000,6650e91419fac786256755e88811be390ab694d1b32c09ec4cc9de1683e6d2e0i0,0,0,0,0,210000
usd,860000,3894fd450d98f9aec02c47e9616a5093719455dbd6de15f7c227a5abe0db3147i0,0,0,0,0,100000
usdc,860000,000065e000e771f231e38c190fccc0ecd19ca4286955c9acf79b6d95825098e7i0,0,0,0,0,21000
usdt,860000,0000fb8f2553dfce36f9a20e96cee682ca040eeb5868a17208aa99986eb74428i0,1,1000,1,1000,1
utxo,860000,220779505db257d24e92d8bf0de963965b4ab4fb9bb1ec9275ce79b094d1e08ci0,0,0,0,0,10000
uxon,860000,00005542ddb59645a70129e934882ffcb6275234632d60c98c14ec304d63ac5di0,1018,26076338,500,100000000,500
uxto,860000,1bb1fa5ed8609492dce572db305a8ab20aaaaf89b94fdd95a3a6ce0328a3b642i0,150,150000,162,162000,21000
v,860000,0000c63fd19c9823123f24b15c07d8977427fd3a85811008e91c8f053461422fi0,10,2100000,1,2100000,1
vip,860000,4335a7e48d02d62e1ca86d8261eab937846c2790726edc469a6ba237e85cc915i0,15,11655,1,0,0
vmpx,860000,4845721f19c82a54ae3a4096248cb14319af182475c2ca61d63ae1773ea5ffd3i0,2371,2933358,3000,3000000,3000
void,860000,1409f02645e15b815655396f416b789658062a673af068cc04ad90e45bd0ba02i0,0,0,0,0,10000
w,860000,0000f4342523c17a0898638b37098a0b11d930040c28573bdd8f5516e3b01073i0,11,2100000,1,2100000,1
wbtc,860000,000030356861ecb782ef0b170a6f9907715af1f08887a849cdc0316c98465d15i0,2,2000,2,2000,21000
wddd,860000,7714235eba4e5f92faf6d385e8e488780b3b3d42579f6a530efe8a7cd77aa866i0,2,2000,2,2000,100000
web3,860000,000038931557cd09af3c3f84dd08cd351bedc93b1423e723deda297cf142521di0,1,1000,1,1000,21000
wen,860000,123453dd423c42c863debd94174c942e2b81e28561a7f7c5d8365b45c23d0e36i0,11,13574,11,13574,12345
whitewalls,860000,0000a227fa62f57a2c082d8f7e829ae3f2ad8d0a506ed74ceac95940da142bb8i0,1,1973,1,1973,10001
wizz,860000,151663aed4c10516931258f097a5f00e747d99c3eb2e337813064d0eac47da75i0,0,0,1,21000000,1000
wow,860000,84405c3929d952613a6f12ab4b53e7e8389422a46463e83fef05dfd501844662i0,6,6000,6,6000,21000
wsats,860000,00005521771a187d967d01cb3793293285a73406200646217a0bb9ead6409927i0,0,0,0,0,100000
wzrd,860000,139064a79a21469ec4f5d3d42a72fe78b72e9351c09edcecca4a6860e5224ccai0,0,0,0,0,21000
x,860000,9265ee5b124b26ebd652b56a43b4ab9a322809f3ff909a86af2850aee4929839i0,1015,1034000,1037,1037000,21000
xatom,860000,518439ca9bd194d2d4a8c45141cbc944453cc96ce5e228a31519562d4f0ddc0ci0,971,1199151,1226,1226000,210000
xbtc,860000,0000e8b7bd0d3b484df3b5eba4dfb938faec2112947e552fbfc1762c45b9dcc8i0,1,2100000,1,2100000,1
xijinping,860000,0000ccaae115e309cf70d8e3943076aaaa553913b7b46d2f84d82e6fbb6be339i0,2,3906,2,3906,615
xo,860000,6995b5e5c0f33d6335fc01a8532d11b2dd38265f544db21aa83fa755cd6b08f9i0,0,0,0,0,21000
xray,860000,7e6b57f719a63c21628def297cf0ed259840abe8b6a505eb012081cb02f72809i0,1,210000,1,210000,100000
xrp,860000,000086278d6f0c9d213ad87cb94ce9ffc4c838b85eb8ef38ade5db5f9d1e7195i0,1,1000,1,1000,1
xyz,860000,122162d37a7069bf3798e99c45b90433cb959eee4c920b3e829fb3be2d992019i0,0,0,0,0,10000
y,860000,0000f013f12778ae13160a129c2bdca90f9bdf300e323e422ef59b89d586195bi0,7,2100000,1,2100000,1
yongyuan,860000,7400c6a762c1ad854ffb12f12f5524bb8e53cf4d57744a692fe4e5619f8f464ai0,1,10000,1,10000,2000
yyds,860000,d99d47f65111cf3eb2df6f7dd39dfa294ed498c415863be8e2c2e75401b968abi0,1,1000000,1,1000000,1000
z,860000,00006fe55571d1bdd5b3e145849ecaba3cd0750e888fdb4f685b4263b49b395ci0,0,0,0,0,21000
zoom,860000,1337122ab60cb5b8bd517a5d30ad39f6e15ba87dbcfc2e5012a5cce5a030b210i0,79,79000,84,84000,11111
